name, pieces, minifigs, image
Brick Bank,2380,5,https://images.brickset.com/sets/small/10251-1.jpg?201510121127
Volkswagen Beetle,1167,None,https://images.brickset.com/sets/small/10252-1.jpg?201606140214
Big Ben,4163,None,https://images.brickset.com/sets/small/10253-1.jpg?201605190256
Winter Holiday Train,734,5,https://images.brickset.com/sets/small/10254-1.jpg?201608110306
XL Creative Brick Box,1600,None,https://images.brickset.com/sets/small/10654-1.jpg?201609271134
Creative Building Set,583,None,https://images.brickset.com/sets/small/10702-1.jpg?201511230710
Creative Building Basket,1000,None,https://images.brickset.com/sets/small/10705-1.jpg?201605201119
Police Helicopter Chase,63,2,https://images.brickset.com/sets/small/10720-1.jpg?201601050913
Iron Man vs. Loki,66,2,https://images.brickset.com/sets/small/10721-1.jpg?201601050913
Snake Showdown,92,2,https://images.brickset.com/sets/small/10722-1.jpg?201601050913
Ariel's Dolphin Carriage,70,1,https://images.brickset.com/sets/small/10723-1.jpg?201601050913
Batman & Superman vs. Lex Luthor,164,3,https://images.brickset.com/sets/small/10724-1.jpg?201605201119
Lost Temple,172,3,https://images.brickset.com/sets/small/10725-1.jpg?201601050913
Stephanie's Horse Carriage,58,1,https://images.brickset.com/sets/small/10726-1.jpg?201605201119
Emma's Ice Cream Truck,136,2,https://images.brickset.com/sets/small/10727-1.jpg?201605201119
Mia's Vet Clinic,173,2,https://images.brickset.com/sets/small/10728-1.jpg?201605201119
Cinderella's Carriage,116,2,https://images.brickset.com/sets/small/10729-1.jpg?201601050913
Baby Animals,13,None,https://images.brickset.com/sets/small/10801-1.jpg?201511230710
Savanna,18,1,https://images.brickset.com/sets/small/10802-1.jpg?201511230710
Arctic,40,2,https://images.brickset.com/sets/small/10803-1.jpg?201511230710
Jungle,86,2,https://images.brickset.com/sets/small/10804-1.jpg?201511230710
Around the World,163,5,https://images.brickset.com/sets/small/10805-1.jpg?201601050913
Horses,20,1,https://images.brickset.com/sets/small/10806-1.jpg?201511230710
Horse Trailer,15,2,https://images.brickset.com/sets/small/10807-1.jpg?201511230710
Little Plane,13,1,https://images.brickset.com/sets/small/10808-1.jpg?201511230710
Police Patrol,15,2,https://images.brickset.com/sets/small/10809-1.jpg?201511230710
Push Train,45,2,https://images.brickset.com/sets/small/10810-1.jpg?201605201119
Backhoe Loader,19,1,https://images.brickset.com/sets/small/10811-1.jpg?201605201119
Truck & Tracked Excavator,28,2,https://images.brickset.com/sets/small/10812-1.jpg?201605201119
Big Construction Site,67,3,https://images.brickset.com/sets/small/10813-1.jpg?201605201119
Tow Truck,28,2,https://images.brickset.com/sets/small/10814-1.jpg?201511230710
My First Rocket,18,None,https://images.brickset.com/sets/small/10815-1.jpg?201511230710
My First Cars and Trucks,36,None,https://images.brickset.com/sets/small/10816-1.jpg?201511230710
Creative Chest,70,None,https://images.brickset.com/sets/small/10817-1.jpg?201511230710
My First Truck,29,2,https://images.brickset.com/sets/small/10818-1.jpg?201511230710
My First Garden,25,2,https://images.brickset.com/sets/small/10819-1.jpg?201511230710
Creative Construction Basket,110,2,https://images.brickset.com/sets/small/10820-1.jpg?201605201119
Sofia the First Magical Carriage,30,1,https://images.brickset.com/sets/small/10822-1.jpg?201605201119
Miles' Space Adventures,23,1,https://images.brickset.com/sets/small/10824-1.jpg?201511230710
Miles' Exo-Flex Suit,37,1,https://images.brickset.com/sets/small/10825-1.jpg?201605201119
Miles' Stellosphere Hangar,44,1,https://images.brickset.com/sets/small/10826-1.jpg?201511230710
Mickey & Friends Beach House,48,3,https://images.brickset.com/sets/small/10827-1.jpg?201605200842
Doc McStuffins' Pet Vet Care,30,1,https://images.brickset.com/sets/small/10828-1.jpg?201605201119
Mickey's Workshop,18,1,https://images.brickset.com/sets/small/10829-1.jpg?201511230710
Minnie's Café,27,1,https://images.brickset.com/sets/small/10830-1.jpg?201511230710
My First Caterpillar,19,None,https://images.brickset.com/sets/small/10831-1.jpg?201511230710
City: Build Your Own Adventure parts,None,None,https://images.brickset.com/sets/small/11911-1.jpg?201708220151
LEGO Star Wars: Build Your Own Adventure,73,1,/assets/images/misc/blankbox.gif
Venice,212,None,https://images.brickset.com/sets/small/21026-1.jpg?201511230710
Berlin,289,None,https://images.brickset.com/sets/small/21027-1.jpg?201511230710
New York City,598,None,https://images.brickset.com/sets/small/21028-1.jpg?201511230710
Buckingham Palace,780,None,https://images.brickset.com/sets/small/21029-1.jpg?201608210825
United States Capitol Building,1032,None,https://images.brickset.com/sets/small/21030-1.jpg?201608210825
Burj Khalifa,333,None,https://images.brickset.com/sets/small/21031-1.jpg?201511230710
The Iron Golem,208,2,https://images.brickset.com/sets/small/21123-1.jpg?201602281011
The End Portal,559,3,https://images.brickset.com/sets/small/21124-1.jpg?201602281011
The Jungle Tree House,706,4,https://images.brickset.com/sets/small/21125-1.jpg?201602281011
The Wither,318,3,https://images.brickset.com/sets/small/21126-1.jpg?201602281011
The Fortress,984,4,https://images.brickset.com/sets/small/21127-1.jpg?201608210825
The Village,1600,8,https://images.brickset.com/sets/small/21128-1.jpg?201604140258
Maze,769,None,https://images.brickset.com/sets/small/21305-1.jpg?201603050915
The Beatles Yellow Submarine,553,5,https://images.brickset.com/sets/small/21306-1.jpg?201610150938
Caterham Seven 620R,771,None,https://images.brickset.com/sets/small/21307-1.jpg?201610041154
First Order Star Destroyer,56,None,https://images.brickset.com/sets/small/30277-1.jpg?201601031117
Poe's X-wing Fighter,64,None,https://images.brickset.com/sets/small/30278-1.jpg?201601150931
Kylo Ren's Command Shuttle,43,None,https://images.brickset.com/sets/small/30279-1.jpg?201601181009
Duck,4,None,https://images.brickset.com/sets/small/30321-1.jpg?201602281011
Wildlife {Random bag},7,None,https://images.brickset.com/sets/small/30322-1.jpg?201604260242
Wildlife - Polar Bear,None,None,https://images.brickset.com/sets/small/30322-2.jpg?201604260247
Wildlife - Penguin,None,None,https://images.brickset.com/sets/small/30322-3.jpg?201604260247
Wildlife - Tortoise,None,None,https://images.brickset.com/sets/small/30322-4.jpg?201604260246
Wildlife - Lion Cub,None,None,https://images.brickset.com/sets/small/30322-5.jpg?201604260246
Wildlife - Elephant,None,None,https://images.brickset.com/sets/small/30322-6.jpg?201604260246
Prison Island Helicopter,46,1,https://images.brickset.com/sets/small/30346-1.jpg?201601050923
Fire Car,53,1,https://images.brickset.com/sets/small/30347-1.jpg?201603060839
Mini Dumper,45,1,https://images.brickset.com/sets/small/30348-1.jpg?201601050923
Sports Car,47,1,https://images.brickset.com/sets/small/30349-1.jpg?201601050923
Volcano Jackhammer,53,1,https://images.brickset.com/sets/small/30350-1.jpg?201607190200
Knight's Cycle,38,1,https://images.brickset.com/sets/small/30371-1.jpg?201512160947
Robin's Mini Fortrex,45,1,https://images.brickset.com/sets/small/30372-1.jpg?201602150901
Knighton Hyper Cannon,43,1,https://images.brickset.com/sets/small/30373-1.jpg?201601191158
The Lava Slinger,40,1,https://images.brickset.com/sets/small/30374-1.jpg?201511180805
Sira's Adventurous Airglider,24,1,https://images.brickset.com/sets/small/30375-1.jpg?201602230650
Cupcake Stall,28,1,https://images.brickset.com/sets/small/30396-1.jpg?201606281050
Olaf's Summertime Fun,48,1,https://images.brickset.com/sets/small/30397-1.jpg?201602010902
Adventure Camp Bridge,37,1,https://images.brickset.com/sets/small/30398-1.jpg?201601150931
Bowling Alley,51,1,https://images.brickset.com/sets/small/30399-1.jpg?201602270142
Skybound Plane,30,1,https://images.brickset.com/sets/small/30421-1.jpg?201511180809
Kai's Mini Dragon,39,1,https://images.brickset.com/sets/small/30422-1.jpg?201603050915
Anchor-Jet,38,1,https://images.brickset.com/sets/small/30423-1.jpg?201602270142
WU-CRU Training Dojo,43,2,https://images.brickset.com/sets/small/30424-1.jpg?201603210934
The Batmobile,63,None,https://images.brickset.com/sets/small/30446-1.jpg?201604090113
Captain America's Motorcycle ,25,1,https://images.brickset.com/sets/small/30447-1.jpg?201606010942
Spider-Man vs. The Venom Symbiote,49,1,https://images.brickset.com/sets/small/30448-1.jpg?201601191056
Helicopter,47,None,https://images.brickset.com/sets/small/30471-1.jpg?201511180809
Parrot,43,None,https://images.brickset.com/sets/small/30472-1.jpg?201605110829
Racer,30,1,https://images.brickset.com/sets/small/30473-1.jpg?201606060357
Reindeer,77,None,https://images.brickset.com/sets/small/30474-1.jpg?201511180809
Scooby-Doo,2,None,https://images.brickset.com/sets/small/30601-1.jpg?201605110824
First Order Stormtrooper,7,1,https://images.brickset.com/sets/small/30602-1.jpg?201603230839
Batman Classic TV Series - Mr. Freeze,16,1,https://images.brickset.com/sets/small/30603-1.jpg?201602270142
Cosmic Boy,7,1,https://images.brickset.com/sets/small/30604-1.jpg?201511020947
Finn (FN-2187),5,1,https://images.brickset.com/sets/small/30605-1.jpg?201512160948
Nightwing,6,1,https://images.brickset.com/sets/small/30606-1.jpg?201604290650
Desert Racers,65,None,https://images.brickset.com/sets/small/31040-1.jpg?201511180803
Construction Vehicles,64,None,https://images.brickset.com/sets/small/31041-1.jpg?201511180803
Super Soarer,100,None,https://images.brickset.com/sets/small/31042-1.jpg?201511180803
Chopper Transporter,124,None,https://images.brickset.com/sets/small/31043-1.jpg?201511180803
Park Animals,202,None,https://images.brickset.com/sets/small/31044-1.jpg?201511180803
Ocean Explorer,213,None,https://images.brickset.com/sets/small/31045-1.jpg?201511180803
Fast Car,222,None,https://images.brickset.com/sets/small/31046-1.jpg?201511180803
Propeller Plane,230,None,https://images.brickset.com/sets/small/31047-1.jpg?201511230710
Lakeside Lodge,368,1,https://images.brickset.com/sets/small/31048-1.jpg?201511230710
Twin Spin Helicopter,326,None,https://images.brickset.com/sets/small/31049-1.jpg?201605201119
Corner Deli,467,2,https://images.brickset.com/sets/small/31050-1.jpg?201511230710
Lighthouse Point,528,2,https://images.brickset.com/sets/small/31051-1.jpg?201605201119
Vacation Getaways,792,2,https://images.brickset.com/sets/small/31052-1.jpg?201605201119
Treehouse Adventures,387,2,https://images.brickset.com/sets/small/31053-1.jpg?201605201119
Space Shuttle (Uniqlo edition),None,None,https://images.brickset.com/sets/small/40127-2.jpg?201611120859
Robot (Uniqlo edition),None,None,https://images.brickset.com/sets/small/40128-2.jpg?201611120859
Koala (Uniqlo edition),None,None,https://images.brickset.com/sets/small/40130-2.jpg?201611120859
Parrot (Uniqlo edition),None,None,https://images.brickset.com/sets/small/40131-2.jpg?201611120858
What am I?,536,16,https://images.brickset.com/sets/small/40161-1.jpg?201605210924
Minifigure Wedding Favour Set,89,2,https://images.brickset.com/sets/small/40165-1.jpg?201603010826
LEGOLAND Train,210,4,https://images.brickset.com/sets/small/40166-1.jpg?201601050942
My First Set,10,None,https://images.brickset.com/sets/small/40167-1.jpg?201603090954
Personalised Mosaic Portrait,None,None,https://images.brickset.com/sets/small/40179-1.jpg?201611171133
Valentine's Cupid Dog,150,None,https://images.brickset.com/sets/small/40201-1.jpg?201511230710
Easter Chick,111,None,https://images.brickset.com/sets/small/40202-1.jpg?201602281011
Vampire and Bat,150,None,https://images.brickset.com/sets/small/40203-1.jpg?201608210825
Pilgrim's Feast,163,None,https://images.brickset.com/sets/small/40204-1.jpg?201609271134
Little Elf Helpers,238,None,https://images.brickset.com/sets/small/40205-1.jpg?201610281026
LEGO Santa,155,None,https://images.brickset.com/sets/small/40206-1.jpg?201610281026
Year of the Monkey,165,None,https://images.brickset.com/sets/small/40207-1.jpg?201512020117
Polar Bear,None,None,https://images.brickset.com/sets/small/40208-1.jpg?201603210934
Snowmobile,None,None,https://images.brickset.com/sets/small/40209-1.jpg?201602120333
Bunny,None,None,https://images.brickset.com/sets/small/40210-1.jpg?201704051018
Bee,None,None,https://images.brickset.com/sets/small/40211-1.jpg?201602270142
Hedgehog,None,None,https://images.brickset.com/sets/small/40212-1.jpg?201602270142
Seaplane,None,None,https://images.brickset.com/sets/small/40213-1.jpg?201602270142
Frog,None,None,https://images.brickset.com/sets/small/40214-1.jpg?201603210934
Apple,58,None,https://images.brickset.com/sets/small/40215-1.jpg?201603210934
School Bus,None,None,https://images.brickset.com/sets/small/40216-1.jpg?201603210934
Werewolf,None,None,https://images.brickset.com/sets/small/40217-1.jpg?201603210934
Fox,None,None,https://images.brickset.com/sets/small/40218-1.jpg?201603210934
Christmas present,None,None,https://images.brickset.com/sets/small/40219-1.jpg?201603210934
London Bus,118,None,https://images.brickset.com/sets/small/40220-1.jpg?201608080843
Fountain,105,2,https://images.brickset.com/sets/small/40221-1.jpg?201605201119
Christmas Build-Up,250,None,https://images.brickset.com/sets/small/40222-1.jpg?201610030329
Snowglobe,215,1,https://images.brickset.com/sets/small/40223-1.jpg?201611220742
Rio 2016 Mascots,197,None,https://images.brickset.com/sets/small/40225-1.jpg?201605110815
Birthday Buddy,133,None,https://images.brickset.com/sets/small/40226-1.jpg?201607030638
MSC Meraviglia,180,None,https://images.brickset.com/sets/small/40227-1.jpg?201601050923
Geoffrey & Friends,133,2,https://images.brickset.com/sets/small/40228-1.jpg?201605250950
Rapunzel's Best Day Ever,145,1,https://images.brickset.com/sets/small/41065-1.jpg?201605200842
Anna & Kristoff's Sleigh Adventure,174,2,https://images.brickset.com/sets/small/41066-1.jpg?201510280941
Belle's Enchanted Castle,374,8,https://images.brickset.com/sets/small/41067-1.jpg?201605201119
Arendelle Castle Celebration,477,6,https://images.brickset.com/sets/small/41068-1.jpg?201510280941
Treasure's Day at the Pool,70,None,https://images.brickset.com/sets/small/41069-1.jpg?201511230710
Birthday Party,191,1,https://images.brickset.com/sets/small/41110-1.jpg?201511230710
Party Train,109,1,https://images.brickset.com/sets/small/41111-1.jpg?201511230710
Party Cakes,50,None,https://images.brickset.com/sets/small/41112-1.jpg?201511230710
Party Gift Shop,52,None,https://images.brickset.com/sets/small/41113-1.jpg?201511230710
Party Styling,54,None,https://images.brickset.com/sets/small/41114-1.jpg?201601050913
Emma's Creative Workshop,108,1,https://images.brickset.com/sets/small/41115-1.jpg?201511230710
Olivia's Exploration Car,185,1,https://images.brickset.com/sets/small/41116-1.jpg?201511230710
Pop Star TV Studio,194,1,https://images.brickset.com/sets/small/41117-1.jpg?201511230710
Heartlake Supermarket,313,2,https://images.brickset.com/sets/small/41118-1.jpg?201511230710
Heartlake Cupcake Cafe,439,2,https://images.brickset.com/sets/small/41119-1.jpg?201511230710
Adventure Camp Archery,114,1,https://images.brickset.com/sets/small/41120-1.jpg?201511230710
Adventure Camp Rafting,320,2,https://images.brickset.com/sets/small/41121-1.jpg?201511230710
Adventure Camp Tree House,726,3,https://images.brickset.com/sets/small/41122-1.jpg?201511230710
Foal's Washing Station,77,1,https://images.brickset.com/sets/small/41123-1.jpg?201605201119
Heartlake Puppy Daycare,286,2,https://images.brickset.com/sets/small/41124-1.jpg?201605201119
Horse Vet Trailer,370,2,https://images.brickset.com/sets/small/41125-1.jpg?201605201119
Heartlake Riding Club,575,2,https://images.brickset.com/sets/small/41126-1.jpg?201605201119
Amusement Park Arcade,174,1,https://images.brickset.com/sets/small/41127-1.jpg?201605201119
Amusement Park Space Ride,195,1,https://images.brickset.com/sets/small/41128-1.jpg?201605201119
Amusement Park Hot Dog Van,243,2,https://images.brickset.com/sets/small/41129-1.jpg?201605201119
Amusement Park Roller Coaster,1124,4,https://images.brickset.com/sets/small/41130-1.jpg?201605201119
Friends Advent Calendar,218,2,https://images.brickset.com/sets/small/41131-1.jpg?201608210825
Heartlake Party Shop,176,2,https://images.brickset.com/sets/small/41132-1.jpg?201605210921
Amusement Park Bumper Cars,424,2,https://images.brickset.com/sets/small/41133-1.jpg?201605201119
Heartlake Performance School,774,3,https://images.brickset.com/sets/small/41134-1.jpg?201605210924
Livi's Pop Star House,597,2,https://images.brickset.com/sets/small/41135-1.jpg?201511230710
Daisy's Beauty Salon,98,None,https://images.brickset.com/sets/small/41140-1.jpg?201511230710
Pumpkin's Royal Carriage,79,None,https://images.brickset.com/sets/small/41141-1.jpg?201511230710
Palace Pets Royal Castle,186,None,https://images.brickset.com/sets/small/41142-1.jpg?201511230710
Emily Jones & the Baby Wind Dragon,80,1,https://images.brickset.com/sets/small/41171-1.jpg?201602281011
The Water Dragon Adventure,212,1,https://images.brickset.com/sets/small/41172-1.jpg?201602281011
Elvendale School of Dragons,230,1,https://images.brickset.com/sets/small/41173-1.jpg?201602281011
The Starlight Inn,343,2,https://images.brickset.com/sets/small/41174-1.jpg?201602281011
Fire Dragon's Lava Cave,441,2,https://images.brickset.com/sets/small/41175-1.jpg?201602281011
The Secret Market Place,691,2,https://images.brickset.com/sets/small/41176-1.jpg?201602281011
The Precious Crystal Mine,273,2,https://images.brickset.com/sets/small/41177-1.jpg?201605201119
The Dragon Sanctuary,585,2,https://images.brickset.com/sets/small/41178-1.jpg?201605201119
Queen Dragon's Rescue,833,2,https://images.brickset.com/sets/small/41179-1.jpg?201605201119
Ragana's Magic Shadow Castle,1014,3,https://images.brickset.com/sets/small/41180-1.jpg?201605201119
Superman & Wonder Woman,None,None,https://images.brickset.com/sets/small/41490-1.jpg?201607210102
Batman & The Joker,None,None,https://images.brickset.com/sets/small/41491-1.jpg?201607210102
Iron Man & Captain America,None,None,https://images.brickset.com/sets/small/41492-1.jpg?201607210102
Black Panther & Doctor Strange,None,None,https://images.brickset.com/sets/small/41493-1.jpg?201607210103
Kuffs,63,None,https://images.brickset.com/sets/small/41554-1.jpg?201602010902
Busto,69,None,https://images.brickset.com/sets/small/41555-1.jpg?201602010902
Tiketz,62,None,https://images.brickset.com/sets/small/41556-1.jpg?201602010902
Camillot,64,None,https://images.brickset.com/sets/small/41557-1.jpg?201602010902
Mixadel,63,None,https://images.brickset.com/sets/small/41558-1.jpg?201602010902
Paladum,64,None,https://images.brickset.com/sets/small/41559-1.jpg?201602010902
Jamzy,70,None,https://images.brickset.com/sets/small/41560-1.jpg?201602010902
Tapsy,57,None,https://images.brickset.com/sets/small/41561-1.jpg?201602010902
Trumpsy,54,None,https://images.brickset.com/sets/small/41562-1.jpg?201602010902
Splasho,67,None,https://images.brickset.com/sets/small/41563-1.jpg?201605201119
Aquad,70,None,https://images.brickset.com/sets/small/41564-1.jpg?201605201119
Hydro,70,None,https://images.brickset.com/sets/small/41565-1.jpg?201605201119
Sharx,55,None,https://images.brickset.com/sets/small/41566-1.jpg?201605201119
Skulzy,66,None,https://images.brickset.com/sets/small/41567-1.jpg?201605201119
Lewt,62,None,https://images.brickset.com/sets/small/41568-1.jpg?201605201119
Surgeo,63,None,https://images.brickset.com/sets/small/41569-1.jpg?201605201119
Skrubz,68,None,https://images.brickset.com/sets/small/41570-1.jpg?201605201119
Tuth,67,None,https://images.brickset.com/sets/small/41571-1.jpg?201605201119
Gobbol,62,None,https://images.brickset.com/sets/small/41572-1.jpg?201609271134
Sweepz,61,None,https://images.brickset.com/sets/small/41573-1.jpg?201609271134
Compax,66,None,https://images.brickset.com/sets/small/41574-1.jpg?201609271134
Cobrax,64,None,https://images.brickset.com/sets/small/41575-1.jpg?201609271134
Spinza,60,None,https://images.brickset.com/sets/small/41576-1.jpg?201609271134
Mysto,64,None,https://images.brickset.com/sets/small/41577-1.jpg?201610041154
Screeno,73,None,https://images.brickset.com/sets/small/41578-1.jpg?201609271134
Camsta,62,None,https://images.brickset.com/sets/small/41579-1.jpg?201609271134
Myke,63,None,https://images.brickset.com/sets/small/41580-1.jpg?201609271134
Display Team Jet,113,None,https://images.brickset.com/sets/small/42044-1.jpg?201511180803
Hydroplane Racer,180,None,https://images.brickset.com/sets/small/42045-1.jpg?201511180803
Getaway Racer,170,None,https://images.brickset.com/sets/small/42046-1.jpg?201511180803
Police Interceptor,185,None,https://images.brickset.com/sets/small/42047-1.jpg?201511180803
Race Kart,345,None,https://images.brickset.com/sets/small/42048-1.jpg?201601050913
Mine Loader,476,None,https://images.brickset.com/sets/small/42049-1.jpg?201601050913
Drag Racer,647,None,https://images.brickset.com/sets/small/42050-1.jpg?201601050913
Heavy Lift Helicopter,1042,None,https://images.brickset.com/sets/small/42052-1.jpg?201601050913
Volvo EW160E,1166,None,https://images.brickset.com/sets/small/42053-1.jpg?201606181248
CLAAS XERION 5000 TRAC VC,1977,None,https://images.brickset.com/sets/small/42054-1.jpg?201607190200
Bucket Wheel Excavator,3929,None,https://images.brickset.com/sets/small/42055-1.jpg?201607190200
Porsche 911 GT3 RS,2704,None,https://images.brickset.com/sets/small/42056-1.jpg?201604250159
Wild Animals Set,104,None,https://images.brickset.com/sets/small/45012-1.jpg?201603070647
StoryTales Set,None,None,https://images.brickset.com/sets/small/45014-1.jpg?201610170234
Tubes Experiment Set,None,None,https://images.brickset.com/sets/small/45016-1.jpg?201610140905
Playground Set,None,None,https://images.brickset.com/sets/small/45017-1.jpg?201610170235
Build Me 'Emotions',188,None,https://images.brickset.com/sets/small/45018-1.jpg?201605140851
Creative LEGO DUPLO Brick Set,None,None,https://images.brickset.com/sets/small/45019-1.jpg?201711301030
Creative LEGO Brick Set,1000,None,/assets/images/misc/blankbox.gif
WeDo 2.0 Core Set,280,None,https://images.brickset.com/sets/small/45300-1.jpg?201601150916
WeDo 2.0 Smart Hub,None,None,https://images.brickset.com/sets/small/45301-1.jpg?201601110102
WeDo 2.0 Smarthub Rechargeable Battery,None,None,https://images.brickset.com/sets/small/45302-1.jpg?201601110103
WeDo 2.0 Medium Motor,None,None,https://images.brickset.com/sets/small/45303-1.jpg?201601110101
WeDo 2.0 Motion Sensor,None,None,https://images.brickset.com/sets/small/45304-1.jpg?201601111259
WeDo 2.0 Tilt Sensor,None,None,https://images.brickset.com/sets/small/45305-1.jpg?201601110104
Animal Allies,2161,2,https://images.brickset.com/sets/small/45802-1.jpg?201608191142
Creature Craze Inspire Set,None,None,https://images.brickset.com/sets/small/45803-1.jpg?201610140906
Airport Starter Set,81,4,https://images.brickset.com/sets/small/60100-1.jpg?201605200842
Airport Cargo Plane,157,2,https://images.brickset.com/sets/small/60101-1.jpg?201605200842
Airport VIP Service,364,4,https://images.brickset.com/sets/small/60102-1.jpg?201605200842
Airport Air Show,670,6,https://images.brickset.com/sets/small/60103-1.jpg?201605200842
Airport Passenger Terminal,694,6,https://images.brickset.com/sets/small/60104-1.jpg?201605200842
Fire ATV,64,1,https://images.brickset.com/sets/small/60105-1.jpg?201511180804
Fire Starter Set,90,4,https://images.brickset.com/sets/small/60106-1.jpg?201511180804
Fire Ladder Truck,214,2,https://images.brickset.com/sets/small/60107-1.jpg?201511230710
Fire Response Unit,257,3,https://images.brickset.com/sets/small/60108-1.jpg?201511230710
Fire Boat,412,5,https://images.brickset.com/sets/small/60109-1.jpg?201511230710
Fire Station,919,6,https://images.brickset.com/sets/small/60110-1.jpg?201511230710
Fire Utility Truck,368,3,https://images.brickset.com/sets/small/60111-1.jpg?201511230710
Fire Engine,376,3,https://images.brickset.com/sets/small/60112-1.jpg?201511230710
Rally Car,104,1,https://images.brickset.com/sets/small/60113-1.jpg?201511180804
Race Boat,95,1,https://images.brickset.com/sets/small/60114-1.jpg?201511180804
4 x 4 Off Roader,176,2,https://images.brickset.com/sets/small/60115-1.jpg?201511180804
Ambulance Plane,183,3,https://images.brickset.com/sets/small/60116-1.jpg?201511180804
Van & Caravan,250,2,https://images.brickset.com/sets/small/60117-1.jpg?201511230710
Garbage Truck,248,2,https://images.brickset.com/sets/small/60118-1.jpg?201511180804
Ferry,301,2,https://images.brickset.com/sets/small/60119-1.jpg?201601050913
Volcano Starter Set,83,4,https://images.brickset.com/sets/small/60120-1.jpg?201605200842
Volcano Exploration Truck,175,2,https://images.brickset.com/sets/small/60121-1.jpg?201605200842
Volcano Crawler,324,3,https://images.brickset.com/sets/small/60122-1.jpg?201605200842
Volcano Supply Helicopter,330,3,https://images.brickset.com/sets/small/60123-1.jpg?201605200842
Volcano Exploration Base,824,6,https://images.brickset.com/sets/small/60124-1.jpg?201605200842
Volcano Heavy-Lift Helicopter,1277,8,https://images.brickset.com/sets/small/60125-1.jpg?201605200842
Tire Escape,47,2,https://images.brickset.com/sets/small/60126-1.jpg?201511230710
Prison Island Starter Set,92,4,https://images.brickset.com/sets/small/60127-1.jpg?201511180804
Police Pursuit,184,2,https://images.brickset.com/sets/small/60128-1.jpg?201511180804
Police Patrol Boat,200,4,https://images.brickset.com/sets/small/60129-1.jpg?201511230710
Prison Island,754,8,https://images.brickset.com/sets/small/60130-1.jpg?201511230710
Crooks Island,244,3,https://images.brickset.com/sets/small/60131-1.jpg?201511230710
Service Station,515,4,https://images.brickset.com/sets/small/60132-1.jpg?201605200842
City Advent Calendar,290,7,https://images.brickset.com/sets/small/60133-1.jpg?201608210825
Fun in the Park - City People Pack,157,15,https://images.brickset.com/sets/small/60134-1.jpg?201604090113
3-in-1 Super Pack,None,None,https://images.brickset.com/sets/small/66537-1.jpg?201605300913
Forests Value Pack,None,None,/assets/images/misc/blankbox.gif
Heartlake Value Pack,None,None,https://images.brickset.com/sets/small/66539-1.jpg?201701230839
City Volcano Value Pack,None,None,https://images.brickset.com/sets/small/66540-1.jpg?201703071253
City Fire Value Pack,None,None,https://images.brickset.com/sets/small/66541-1.jpg?201701041050
Microfighters Super Pack 3 in 1,None,None,https://images.brickset.com/sets/small/66542-1.jpg?201610150935
Microfighters Super Pack 3 in 1,None,None,/assets/images/misc/blankbox.gif
Mighty Micros Mighty Pack 3 in 1,None,None,/assets/images/misc/blankbox.gif
Axl's Tower Carrier, Extra Awesome Edition,None,None,https://images.brickset.com/sets/small/66547-1.jpg?201611010109
Rock Roader, Extra Awesome Edition,None,None,https://images.brickset.com/sets/small/66548-1.jpg?201611010108
Salvage M.E.C., Extra Awesome Edition,None,None,https://images.brickset.com/sets/small/66549-1.jpg?201611010108
Knighton Battle Blaster,76,2,https://images.brickset.com/sets/small/70310-1.jpg?201511230710
Chaos Catapult,93,2,https://images.brickset.com/sets/small/70311-1.jpg?201511230710
Lance's Mecha Horse,237,3,https://images.brickset.com/sets/small/70312-1.jpg?201511230710
Moltor's Lava Smasher,187,2,https://images.brickset.com/sets/small/70313-1.jpg?201511230710
Beast Master's Chaos Chariot,314,2,https://images.brickset.com/sets/small/70314-1.jpg?201511230710
Clay's Rumble Blade,367,5,https://images.brickset.com/sets/small/70315-1.jpg?201511230710
Jestro's Evil Mobile,658,2,https://images.brickset.com/sets/small/70316-1.jpg?201511230710
The Fortrex,1140,7,https://images.brickset.com/sets/small/70317-1.jpg?201511230710
The Glob Lobber,95,2,https://images.brickset.com/sets/small/70318-1.jpg?201605200842
Macy's Thunder Mace,202,3,https://images.brickset.com/sets/small/70319-1.jpg?201605200842
Aaron Fox's Aero-Striker V2,301,3,https://images.brickset.com/sets/small/70320-1.jpg?201605200842
General Magmar's Siege Machine of Doom,516,3,https://images.brickset.com/sets/small/70321-1.jpg?201605200842
Axl's Tower Carrier,670,4,https://images.brickset.com/sets/small/70322-1.jpg?201605200842
Jestro's Volcano Lair,1186,10,https://images.brickset.com/sets/small/70323-1.jpg?201605200842
Merlok's Library 2.0,288,3,https://images.brickset.com/sets/small/70324-1.jpg?201511230710
Infernox captures the Queen,253,2,https://images.brickset.com/sets/small/70325-1.jpg?201511230710
The Black Knight Mech,530,4,https://images.brickset.com/sets/small/70326-1.jpg?201605200842
The King's Mech,375,3,https://images.brickset.com/sets/small/70327-1.jpg?201511230710
Ultimate Clay,72,1,https://images.brickset.com/sets/small/70330-1.jpg?201511230710
Ultimate Macy,101,1,https://images.brickset.com/sets/small/70331-1.jpg?201511230710
Ultimate Aaron,82,1,https://images.brickset.com/sets/small/70332-1.jpg?201511230710
Ultimate Robin,75,1,https://images.brickset.com/sets/small/70333-1.jpg?201511230710
Ultimate Beast Master,65,1,https://images.brickset.com/sets/small/70334-1.jpg?201511230710
Ultimate Lavaria,69,1,https://images.brickset.com/sets/small/70335-1.jpg?201511230710
Ultimate Axl,69,1,https://images.brickset.com/sets/small/70336-1.jpg?201605200842
Ultimate Lance,75,1,https://images.brickset.com/sets/small/70337-1.jpg?201605200842
Ultimate General Magmar,64,1,https://images.brickset.com/sets/small/70338-1.jpg?201605200842
Ultimate Flama,67,1,https://images.brickset.com/sets/small/70339-1.jpg?201605200842
Titanium Ninja Tumbler ,342,3,https://images.brickset.com/sets/small/70588-1.jpg?201605201119
Rock Roader,406,4,https://images.brickset.com/sets/small/70589-1.jpg?201605201119
Airjitzu Battle Grounds,666,5,https://images.brickset.com/sets/small/70590-1.jpg?201605200733
Kryptarium Prison Breakout,207,5,https://images.brickset.com/sets/small/70591-1.jpg?201605201119
Salvage M.E.C.,439,4,https://images.brickset.com/sets/small/70592-1.jpg?201605201119
The Green NRG Dragon,567,5,https://images.brickset.com/sets/small/70593-1.jpg?201605201119
The Lighthouse Siege,767,8,https://images.brickset.com/sets/small/70594-1.jpg?201605201119
Ultra Stealth Raider,1093,7,https://images.brickset.com/sets/small/70595-1.jpg?201605201119
Samurai X Cave Chaos,1253,8,https://images.brickset.com/sets/small/70596-1.jpg?201605201119
Cole's Dragon,98,2,https://images.brickset.com/sets/small/70599-1.jpg?201601050913
Ninja Bike Chase,231,3,https://images.brickset.com/sets/small/70600-1.jpg?201601050913
Sky Shark,221,2,https://images.brickset.com/sets/small/70601-1.jpg?201601050913
Jay's Elemental Dragon,350,2,https://images.brickset.com/sets/small/70602-1.jpg?201601050913
Raid Zeppelin,294,3,https://images.brickset.com/sets/small/70603-1.jpg?201601050913
Tiger Widow Island,450,5,https://images.brickset.com/sets/small/70604-1.jpg?201601050913
Misfortune's Keep,754,6,https://images.brickset.com/sets/small/70605-1.jpg?201601050913
LEGO Minifigures - Series 15 {Random bag},None,None,https://images.brickset.com/sets/small/71011-0.jpg?201512070114
Farmer,1,1,https://images.brickset.com/sets/small/71011-1.jpg?201601061139
Astronaut,1,1,https://images.brickset.com/sets/small/71011-2.jpg?201601061139
Frightening Knight,1,1,https://images.brickset.com/sets/small/71011-3.jpg?201601061139
Clumsy Guy,1,1,https://images.brickset.com/sets/small/71011-4.jpg?201601061139
Tribal Woman,1,1,https://images.brickset.com/sets/small/71011-5.jpg?201601061139
Flying Warrior,1,1,https://images.brickset.com/sets/small/71011-6.jpg?201601061139
Faun,1,1,https://images.brickset.com/sets/small/71011-7.jpg?201601061139
Animal Control Officer,1,1,https://images.brickset.com/sets/small/71011-8.jpg?201601061139
Janitor,1,1,https://images.brickset.com/sets/small/71011-9.jpg?201601061139
Ballerina,1,1,https://images.brickset.com/sets/small/71011-10.jpg?201601061139
Laser Mech,1,1,https://images.brickset.com/sets/small/71011-11.jpg?201601061139
Kendo Fighter,1,1,https://images.brickset.com/sets/small/71011-12.jpg?201601061139
Shark Suit Guy,1,1,https://images.brickset.com/sets/small/71011-13.jpg?201601061139
Wrestling Champion,1,1,https://images.brickset.com/sets/small/71011-14.jpg?201601061139
Jewel Thief,1,1,https://images.brickset.com/sets/small/71011-15.jpg?201601061139
Queen,1,1,https://images.brickset.com/sets/small/71011-16.jpg?201601061139
LEGO Minifigures - Series 15 - Complete,16,16,https://images.brickset.com/sets/small/71011-17.jpg?201601120306
LEGO Minifigures - Series 15 - Sealed Box,None,None,https://images.brickset.com/sets/small/71011-18.jpg?201512070115
LEGO Minifigures - The Disney Series {Random bag},None,None,https://images.brickset.com/sets/small/71012-0.jpg?201604090352
Stitch,1,1,https://images.brickset.com/sets/small/71012-1.jpg?201604160119
Alien,1,1,https://images.brickset.com/sets/small/71012-2.jpg?201603290727
Buzz Lightyear,1,1,https://images.brickset.com/sets/small/71012-3.jpg?201603290729
Aladdin,1,1,https://images.brickset.com/sets/small/71012-4.jpg?201603290726
Genie,1,1,https://images.brickset.com/sets/small/71012-5.jpg?201604160121
Maleficent,1,1,https://images.brickset.com/sets/small/71012-6.jpg?201604160125
Alice,1,1,https://images.brickset.com/sets/small/71012-7.jpg?201603290727
Cheshire Cat,1,1,https://images.brickset.com/sets/small/71012-8.jpg?201604160126
Daisy Duck,1,1,https://images.brickset.com/sets/small/71012-9.jpg?201603290730
Donald Duck,1,1,https://images.brickset.com/sets/small/71012-10.jpg?201603290732
Minnie Mouse,1,1,https://images.brickset.com/sets/small/71012-11.jpg?201603290734
Mickey Mouse,1,1,https://images.brickset.com/sets/small/71012-12.jpg?201604160126
Mr. Incredible,1,1,https://images.brickset.com/sets/small/71012-13.jpg?201604160154
Syndrome,1,1,https://images.brickset.com/sets/small/71012-14.jpg?201604160133
Peter Pan,1,1,https://images.brickset.com/sets/small/71012-15.jpg?201603290735
Captain Hook,1,1,https://images.brickset.com/sets/small/71012-16.jpg?201604160130
Ursula,1,1,https://images.brickset.com/sets/small/71012-17.jpg?201604160131
Ariel,1,1,https://images.brickset.com/sets/small/71012-18.jpg?201604160132
LEGO Minifigures - The Disney Series - Complete,18,18,https://images.brickset.com/sets/small/71012-19.jpg?201605110859
LEGO Minifigures - The Disney Series - Sealed Box,None,None,https://images.brickset.com/sets/small/71012-20.jpg?201604020856
LEGO Minifigures - Series 16 {Random bag},None,None,https://images.brickset.com/sets/small/71013-0.jpg?201607260632
Ice Queen,1,1,https://images.brickset.com/sets/small/71013-1.jpg?201607260632
Desert Warrior,1,1,https://images.brickset.com/sets/small/71013-2.jpg?201607260632
Cyborg,1,1,https://images.brickset.com/sets/small/71013-3.jpg?201607260633
Cute Little Devil,1,1,https://images.brickset.com/sets/small/71013-4.jpg?201607260633
Spooky Boy,1,1,https://images.brickset.com/sets/small/71013-5.jpg?201607260633
Hiker,1,1,https://images.brickset.com/sets/small/71013-6.jpg?201607260634
Wildlife Photographer,1,1,https://images.brickset.com/sets/small/71013-7.jpg?201607260635
Kickboxer,1,1,https://images.brickset.com/sets/small/71013-8.jpg?201607260635
Scallywag Pirate,1,1,https://images.brickset.com/sets/small/71013-9.jpg?201607260635
Penguin Boy,1,1,https://images.brickset.com/sets/small/71013-10.jpg?201607260636
Rogue,1,1,https://images.brickset.com/sets/small/71013-11.jpg?201607260636
Dog Show Winner,1,1,https://images.brickset.com/sets/small/71013-12.jpg?201607260636
Mariachi,1,1,https://images.brickset.com/sets/small/71013-13.jpg?201607260637
Spy,1,1,https://images.brickset.com/sets/small/71013-14.jpg?201607260639
Banana Guy,1,1,https://images.brickset.com/sets/small/71013-15.jpg?201607260638
Babysitter,2,2,https://images.brickset.com/sets/small/71013-16.jpg?201607260639
LEGO Minifigures - Series 16 - Complete,17,17,https://images.brickset.com/sets/small/71013-17.jpg?201608100627
LEGO Minifigures - Series 16 - Sealed Box,None,None,https://images.brickset.com/sets/small/71013-18.jpg?201706040849
LEGO Minifigures - DFB Series {Random bag},None,None,https://images.brickset.com/sets/small/71014-0.jpg?201605230333
Joachim Löw,1,1,https://images.brickset.com/sets/small/71014-1.jpg?201605230331
Manuel Neuer,1,1,https://images.brickset.com/sets/small/71014-2.jpg?201605230316
Jérôme Boateng,1,1,https://images.brickset.com/sets/small/71014-3.jpg?201605230322
Mats Hummels,1,1,https://images.brickset.com/sets/small/71014-4.jpg?201606071219
Benedikt Höwedes,1,1,https://images.brickset.com/sets/small/71014-5.jpg?201606070206
Shkodran Mustafi,1,1,https://images.brickset.com/sets/small/71014-6.jpg?201606071221
Bastian Schweinsteiger,1,1,https://images.brickset.com/sets/small/71014-7.jpg?201605230327
Mesut Özil,1,1,https://images.brickset.com/sets/small/71014-8.jpg?201605230328
Thomas Müller,1,1,https://images.brickset.com/sets/small/71014-9.jpg?201605230311
Toni Kroos,1,1,https://images.brickset.com/sets/small/71014-10.jpg?201606071223
Sami Khedira,1,1,https://images.brickset.com/sets/small/71014-11.jpg?201605230330
André Schürrle,1,1,https://images.brickset.com/sets/small/71014-12.jpg?201605230324
Marco Reus,1,1,https://images.brickset.com/sets/small/71014-13.jpg?201606070203
Christoph Kramer,1,1,https://images.brickset.com/sets/small/71014-14.jpg?201606070204
Mario Götze,1,1,https://images.brickset.com/sets/small/71014-15.jpg?201606070204
Max Kruse,1,1,https://images.brickset.com/sets/small/71014-16.jpg?201606070205
LEGO Minifigures - DFB Series - Complete,16,16,https://images.brickset.com/sets/small/71014-17.jpg?201604120745
LEGO Minifigures - DFB Series - Sealed Box,None,None,/assets/images/misc/blankbox.gif
Disney Castle,4080,7,https://images.brickset.com/sets/small/71040-1.jpg?201607110211
Ghostbusters Level Pack,115,1,https://images.brickset.com/sets/small/71228-1.jpg?201602010902
DC Comics Team Pack,92,2,https://images.brickset.com/sets/small/71229-1.jpg?201602010902
Doc Brown,69,1,https://images.brickset.com/sets/small/71230-1.jpg?201602010902
Stay Puft,65,1,https://images.brickset.com/sets/small/71233-1.jpg?201603050915
Sensei Wu,58,1,https://images.brickset.com/sets/small/71234-1.jpg?201602010902
Midway Arcade Level Pack,96,1,https://images.brickset.com/sets/small/71235-1.jpg?201603050915
Superman,48,1,https://images.brickset.com/sets/small/71236-1.jpg?201603050915
Aquaman,43,1,https://images.brickset.com/sets/small/71237-1.jpg?201603050915
Cyberman,40,1,https://images.brickset.com/sets/small/71238-1.jpg?201602010902
Lloyd,56,1,https://images.brickset.com/sets/small/71239-1.jpg?201605110829
Bane,52,1,https://images.brickset.com/sets/small/71240-1.jpg?201605110829
Slimer,33,1,https://images.brickset.com/sets/small/71241-1.jpg?201605110829
New Ghostbusters: Play the Complete Movie,259,1,https://images.brickset.com/sets/small/71242-1.jpg?201608210825
Sonic the Hedgehog Level Pack,101,1,https://images.brickset.com/sets/small/71244-1.jpg?201611080816
Adventure Time Level Pack,102,1,https://images.brickset.com/sets/small/71245-1.jpg?201608210825
Adventure Time Team Pack ,96,2,https://images.brickset.com/sets/small/71246-1.jpg?201608210825
Harry Potter Team Pack,119,2,https://images.brickset.com/sets/small/71247-1.jpg?201608210825
Mission Impossible Level Pack,76,1,https://images.brickset.com/sets/small/71248-1.jpg?201608210825
B.A. Baracus,73,1,https://images.brickset.com/sets/small/71251-1.jpg?201608210825
Fantastic Beasts and Where to Find Them: Play the Complete Movie,261,1,https://images.brickset.com/sets/small/71253-1.jpg?201611080816
Gremlins Team Pack,94,2,https://images.brickset.com/sets/small/71256-1.jpg?201611080816
Tina Goldstein,51,1,https://images.brickset.com/sets/small/71257-1.jpg?201611080816
E.T.,42,1,https://images.brickset.com/sets/small/71258-1.jpg?201611080816
Marceline the Vampire Queen,60,1,https://images.brickset.com/sets/small/71285-1.jpg?201607191007
Uxar - Creature of Jungle,89,None,https://images.brickset.com/sets/small/71300-1.jpg?201511230710
Ketar - Creature of Stone,80,None,https://images.brickset.com/sets/small/71301-1.jpg?201511230710
Akida - Creature of Water,120,None,https://images.brickset.com/sets/small/71302-1.jpg?201511230710
Ikir - Creature of Fire,77,None,https://images.brickset.com/sets/small/71303-1.jpg?201511230710
Terak - Creature of Earth,74,None,https://images.brickset.com/sets/small/71304-1.jpg?201511230710
Lewa - Uniter of Jungle,79,None,https://images.brickset.com/sets/small/71305-1.jpg?201511230710
Pohatu - Uniter of Stone,90,None,https://images.brickset.com/sets/small/71306-1.jpg?201511230710
Gali - Uniter of Water,87,None,https://images.brickset.com/sets/small/71307-1.jpg?201511230710
Tahu - Uniter of Fire,132,None,https://images.brickset.com/sets/small/71308-1.jpg?201511230710
Onua - Uniter of Earth,143,None,https://images.brickset.com/sets/small/71309-1.jpg?201511230710
Umarak the Hunter,172,None,https://images.brickset.com/sets/small/71310-1.jpg?201511230710
Kopaka and Melum - Unity set,171,None,https://images.brickset.com/sets/small/71311-1.jpg?201511230710
Ekimu the Mask Maker,94,None,https://images.brickset.com/sets/small/71312-1.jpg?201605200842
Lava Beast,114,None,https://images.brickset.com/sets/small/71313-1.jpg?201605200842
Storm Beast,109,None,https://images.brickset.com/sets/small/71314-1.jpg?201605200842
Quake Beast,102,None,https://images.brickset.com/sets/small/71315-1.jpg?201606181248
Umarak the Destroyer,191,None,https://images.brickset.com/sets/small/71316-1.jpg?201606181248
Supergirl,6,1,https://images.brickset.com/sets/small/71340-1.jpg?201608160950
Green Arrow,7,1,https://images.brickset.com/sets/small/71342-1.jpg?201605170819
Assault on Hoth,2144,15,https://images.brickset.com/sets/small/75098-1.jpg?201605161135
Rey,84,None,https://images.brickset.com/sets/small/75113-1.jpg?201511230710
First Order Stormtrooper,81,None,https://images.brickset.com/sets/small/75114-1.jpg?201511230710
Poe Dameron,102,None,https://images.brickset.com/sets/small/75115-1.jpg?201511230710
Finn,98,None,https://images.brickset.com/sets/small/75116-1.jpg?201511230710
Kylo Ren,86,None,https://images.brickset.com/sets/small/75117-1.jpg?201511230710
Captain Phasma,82,None,https://images.brickset.com/sets/small/75118-1.jpg?201511230710
Sergeant Jyn Erso,104,None,https://images.brickset.com/sets/small/75119-1.jpg?201609201033
K-2SO,169,None,https://images.brickset.com/sets/small/75120-1.jpg?201609201033
Imperial Death Trooper,106,None,https://images.brickset.com/sets/small/75121-1.jpg?201609201033
Resistance X-wing Fighter,87,1,https://images.brickset.com/sets/small/75125-1.jpg?201601050913
First Order Snowspeeder,91,1,https://images.brickset.com/sets/small/75126-1.jpg?201601050913
The Ghost,104,1,https://images.brickset.com/sets/small/75127-1.jpg?201601050913
TIE Advanced Prototype,93,1,https://images.brickset.com/sets/small/75128-1.jpg?201601050913
Wookiee Gunship,84,1,https://images.brickset.com/sets/small/75129-1.jpg?201601050913
AT-DP,76,1,https://images.brickset.com/sets/small/75130-1.jpg?201601050913
Resistance Trooper Battle Pack,112,4,https://images.brickset.com/sets/small/75131-1.jpg?201601050913
First Order Battle Pack,88,4,https://images.brickset.com/sets/small/75132-1.jpg?201601050913
Rebel Alliance Battle Pack,101,4,https://images.brickset.com/sets/small/75133-1.jpg?201601050913
Galactic Empire Battle Pack,109,4,https://images.brickset.com/sets/small/75134-1.jpg?201601050913
Obi-Wan's Jedi Interceptor,215,2,https://images.brickset.com/sets/small/75135-1.jpg?201601050913
Droid Escape Pod,197,4,https://images.brickset.com/sets/small/75136-1.jpg?201601050913
Carbon-Freezing Chamber,231,3,https://images.brickset.com/sets/small/75137-1.jpg?201601050913
Hoth Attack,233,4,https://images.brickset.com/sets/small/75138-1.jpg?201601050913
Battle on Takodana,409,5,https://images.brickset.com/sets/small/75139-1.jpg?201601050913
Resistance Troop Transporter,646,4,https://images.brickset.com/sets/small/75140-1.jpg?201601050913
Kanan's Speeder Bike,234,3,https://images.brickset.com/sets/small/75141-1.jpg?201601050913
Homing Spider Droid,310,4,https://images.brickset.com/sets/small/75142-1.jpg?201601050913
{?},None,None,/assets/images/misc/blankbox.gif
Eclipse Fighter,363,2,https://images.brickset.com/sets/small/75145-1.jpg?201605201119
Star Wars Advent Calendar,282,10,https://images.brickset.com/sets/small/75146-1.jpg?201608210825
StarScavenger,558,4,https://images.brickset.com/sets/small/75147-1.jpg?201605201119
Encounter on Jakku,530,4,https://images.brickset.com/sets/small/75148-1.jpg?201605201119
Resistance X-wing Fighter,740,4,https://images.brickset.com/sets/small/75149-1.jpg?201605201119
Vader's TIE Advanced vs. A-wing Starfighter,702,4,https://images.brickset.com/sets/small/75150-1.jpg?201605201119
Clone Turbo Tank,903,6,https://images.brickset.com/sets/small/75151-1.jpg?201605201119
Imperial Assault Hovertank,385,3,https://images.brickset.com/sets/small/75152-1.jpg?201609201033
AT-ST Walker,449,3,https://images.brickset.com/sets/small/75153-1.jpg?201609201033
TIE Striker,543,4,https://images.brickset.com/sets/small/75154-1.jpg?201609201033
Rebel U-wing Fighter,659,5,https://images.brickset.com/sets/small/75155-1.jpg?201707191128
Krennic's Imperial Shuttle,863,6,https://images.brickset.com/sets/small/75156-1.jpg?201609201033
Captain Rex's AT-TE,972,5,https://images.brickset.com/sets/small/75157-1.jpg?201605201119
Rebel Combat Frigate,936,5,https://images.brickset.com/sets/small/75158-1.jpg?201607190200
Death Star,4016,27,https://images.brickset.com/sets/small/75159-1.jpg?201608310957
Piggy Car Escape,74,2,https://images.brickset.com/sets/small/75821-1.jpg?201603010826
Piggy Plane Attack,168,2,https://images.brickset.com/sets/small/75822-1.jpg?201603010826
Bird Island Egg Heist,277,3,https://images.brickset.com/sets/small/75823-1.jpg?201603050857
Pig City Teardown,386,4,https://images.brickset.com/sets/small/75824-1.jpg?201603010826
Piggy Pirate Ship,620,4,https://images.brickset.com/sets/small/75825-1.jpg?201603010826
King Pig's Castle,859,5,https://images.brickset.com/sets/small/75826-1.jpg?201603010826
Firehouse Headquarters ,4634,10,https://images.brickset.com/sets/small/75827-1.jpg?201510270433
Ecto-1 & 2,556,6,https://images.brickset.com/sets/small/75828-1.jpg?201602050422
Chevrolet Corvette Z06,173,1,https://images.brickset.com/sets/small/75870-1.jpg?201602281011
Ford Mustang GT,185,1,https://images.brickset.com/sets/small/75871-1.jpg?201602281011
Audi R18 e-tron quattro,166,1,https://images.brickset.com/sets/small/75872-1.jpg?201602281011
Audi R8 LMS ultra,175,1,https://images.brickset.com/sets/small/75873-1.jpg?201602281011
Chevrolet Camaro Drag Race,445,3,https://images.brickset.com/sets/small/75874-1.jpg?201602281011
Ford F-150 Raptor & Ford Model A Hot Rod,664,4,https://images.brickset.com/sets/small/75875-1.jpg?201602281011
Porsche 919 Hybrid and 917K Pit Lane,732,5,https://images.brickset.com/sets/small/75876-1.jpg?201602281011
Clash of the Heroes,92,2,https://images.brickset.com/sets/small/76044-1.jpg?201601050913
Kryptonite Interception,306,3,https://images.brickset.com/sets/small/76045-1.jpg?201601050913
Heroes of Justice: Sky High Battle,517,5,https://images.brickset.com/sets/small/76046-1.jpg?201601050913
Black Panther Pursuit,287,3,https://images.brickset.com/sets/small/76047-1.jpg?201602281011
Iron Skull Sub Attack,335,4,https://images.brickset.com/sets/small/76048-1.jpg?201601050913
Avenjet Space Mission,523,5,https://images.brickset.com/sets/small/76049-1.jpg?201601050913
Crossbones' Hazard Heist,179,3,https://images.brickset.com/sets/small/76050-1.jpg?201602281011
Super Hero Airport Battle,807,7,https://images.brickset.com/sets/small/76051-1.jpg?201602281011
Batman Classic TV Series - Batcave,2526,9,https://images.brickset.com/sets/small/76052-1.jpg?201601120358
Gotham City Cycle Chase,224,3,https://images.brickset.com/sets/small/76053-1.jpg?201602281011
Batman: Scarecrow Harvest of Fear,563,5,https://images.brickset.com/sets/small/76054-1.jpg?201605201119
Batman: Killer Croc Sewer Smash,759,5,https://images.brickset.com/sets/small/76055-1.jpg?201605201119
Batman: Rescue from Ra's al Ghul,257,4,https://images.brickset.com/sets/small/76056-1.jpg?201605201119
Spider-Man: Web Warriors Ultimate Bridge Battle,1092,7,https://images.brickset.com/sets/small/76057-1.jpg?201605201119
Spider-Man: Ghost Rider Team-Up,217,3,https://images.brickset.com/sets/small/76058-1.jpg?201605201119
Spider-Man: Doc Ock's Tentacle Trap,446,5,https://images.brickset.com/sets/small/76059-1.jpg?201605201119
Doctor Strange's Sanctum Sanctorum,358,3,https://images.brickset.com/sets/small/76060-1.jpg?201607190200
Mighty Micros: Batman vs. Catwoman,79,2,https://images.brickset.com/sets/small/76061-1.jpg?201602281011
Mighty Micros: Robin vs. Bane,77,2,https://images.brickset.com/sets/small/76062-1.jpg?201602281011
Mighty Micros: The Flash vs. Captain Cold,88,2,https://images.brickset.com/sets/small/76063-1.jpg?201602281011
Mighty Micros: Spider-Man vs. Green Goblin,85,2,https://images.brickset.com/sets/small/76064-1.jpg?201602281011
Mighty Micros: Captain America vs. Red Skull,95,2,https://images.brickset.com/sets/small/76065-1.jpg?201602281011
Mighty Micros: Hulk vs. Ultron,80,2,https://images.brickset.com/sets/small/76066-1.jpg?201602281011
Tanker Truck Takedown,330,4,https://images.brickset.com/sets/small/76067-1.jpg?201608080843
Drinking Bottle—Blue,None,None,https://images.brickset.com/sets/small/850805-1.jpg?201602150901
Drinking Bottle Pink,None,None,https://images.brickset.com/sets/small/850806-1.jpg?201603050915
Drinking Bottle,None,None,https://images.brickset.com/sets/small/850817-1.jpg?201602150901
I Love LEGOLAND keychain, Male,None,None,/assets/images/misc/blankbox.gif
Wrayth,None,None,https://images.brickset.com/sets/small/851354-1.jpg?201609201033
NEXO KNIGHTS Macy's Mace,None,None,https://images.brickset.com/sets/small/853503-1.jpg?201604291059
NEXO KNIGHTS Clay's Sword,None,None,https://images.brickset.com/sets/small/853504-1.jpg?201603050915
NK Sword Standard,None,None,https://images.brickset.com/sets/small/853505-1.jpg?201601150931
NK Shield Standard,None,None,https://images.brickset.com/sets/small/853506-1.jpg?201601150931
Knight's Power Up Shield,None,None,https://images.brickset.com/sets/small/853507-1.jpg?201605200842
Monster's Shield,None,None,https://images.brickset.com/sets/small/853508-1.jpg?201606181248
NEXO KNIGHTS Knight s Dress Up,None,None,https://images.brickset.com/sets/small/853510-1.jpg?201606181248
FK Role Play Dress up Bad guy,None,None,https://images.brickset.com/sets/small/853511-1.jpg?201604291059
Knights Army-Building Set,4,4,https://images.brickset.com/sets/small/853515-1.jpg?201605110829
Monsters Army-Building Set,4,4,https://images.brickset.com/sets/small/853516-1.jpg?201605110829
NK Drinking Bottle,None,None,https://images.brickset.com/sets/small/853517-1.jpg?201603250345
NK Tumbler,None,None,https://images.brickset.com/sets/small/853518-1.jpg?201603250345
NK Playmat,None,None,https://images.brickset.com/sets/small/853519-1.jpg?201601050913
Aaron Key Chain,None,None,https://images.brickset.com/sets/small/853520-1.jpg?201603010826
Clay Key Chain,None,None,https://images.brickset.com/sets/small/853521-1.jpg?201603010826
Macy Key Chain,None,None,https://images.brickset.com/sets/small/853522-1.jpg?201603010826
Lance Key Chain,None,None,https://images.brickset.com/sets/small/853524-1.jpg?201603010826
Keychain NK Jestro,None,None,https://images.brickset.com/sets/small/853525-1.jpg?201603250345
NEXO KNIGHTS Monsters Sketch Book,None,None,https://images.brickset.com/sets/small/853528-1.jpg?201603010826
NINJAGO Customizable Sword,None,None,https://images.brickset.com/sets/small/853529-1.jpg?201606181248
NINJAGO Skybound Shield,None,None,https://images.brickset.com/sets/small/853530-1.jpg?201604291059
NINJAGO Armor,None,None,https://images.brickset.com/sets/small/853532-1.jpg?201606010942
NINJAGO Bandana,None,None,https://images.brickset.com/sets/small/853533-1.jpg?201603050915
Skybound Jay Key Chain,None,None,https://images.brickset.com/sets/small/853534-1.jpg?201601050913
Skybound Cole Key Chain,None,None,https://images.brickset.com/sets/small/853538-1.jpg?201606010942
Ninjago Party Set,None,None,https://images.brickset.com/sets/small/853543-1.jpg?201602010902
NINJAGO Accessory Set,4,4,https://images.brickset.com/sets/small/853544-1.jpg?201606181248
Emma Key Chain,None,None,https://images.brickset.com/sets/small/853547-1.jpg?201601050913
Andrea Key Chain,None,None,https://images.brickset.com/sets/small/853548-1.jpg?201601050913
Mia Key Chain,None,None,https://images.brickset.com/sets/small/853549-1.jpg?201601050913
Stephanie Key Chain,None,None,https://images.brickset.com/sets/small/853550-1.jpg?201601050913
Olivia Key Chain,None,None,https://images.brickset.com/sets/small/853551-1.jpg?201601050913
 Friends Hand Foot Fun,None,None,https://images.brickset.com/sets/small/853552-1.jpg?201603050915
Campsite Scrapbook,None,None,https://images.brickset.com/sets/small/853555-1.jpg?201601050913
Friends Mini-Doll Campsite Set,3,3,https://images.brickset.com/sets/small/853556-1.jpg?201603010826
Emily Jones Key Chain,None,None,https://images.brickset.com/sets/small/853559-1.jpg?201603010826
Elves Azari the Fire Elf Key Chain,None,None,https://images.brickset.com/sets/small/853560-1.jpg?201603010826
Elves Aira the Wind Elf Key Chain,None,None,https://images.brickset.com/sets/small/853561-1.jpg?201603010826
Elves Naida the Water Elf Key Chain,None,None,https://images.brickset.com/sets/small/853562-1.jpg?201603010826
Elves Fledge the Baby Dragon Bag Charm,None,None,https://images.brickset.com/sets/small/853563-1.jpg?201603010826
Elves Me and My Dragon Display,None,None,https://images.brickset.com/sets/small/853564-1.jpg?201603010826
Elves Emily Jones' Diary Sketch Book,None,None,https://images.brickset.com/sets/small/853565-1.jpg?201604291059
Prison Guard Key Chain,None,None,https://images.brickset.com/sets/small/853568-1.jpg?201601050913
Notebook with Studs,None,None,https://images.brickset.com/sets/small/853569-1.jpg?201603010826
Police Accessory Set,4,4,https://images.brickset.com/sets/small/853570-1.jpg?201601050913
Hot Dog Guy Key Chain,None,None,https://images.brickset.com/sets/small/853571-1.jpg?201601050913
Bumble Bee Key Chain,None,None,https://images.brickset.com/sets/small/853572-1.jpg?201601050913
Yellow Car Bag Charm,None,None,https://images.brickset.com/sets/small/853573-1.jpg?201603010826
Christmas Ornament Reindeer,More,None,https://images.brickset.com/sets/small/853574-1.jpg?201609201033
Minifigure Cake Mold,None,None,https://images.brickset.com/sets/small/853575-1.jpg?201606181248
Key Rack,None,None,https://images.brickset.com/sets/small/853580-1.jpg?201605200217
Superman Key Chain ,None,None,https://images.brickset.com/sets/small/853590-1.jpg?201606010942
Batman Key Chain,None,None,https://images.brickset.com/sets/small/853591-1.jpg?201606010942
Black Widow Key Chain,None,None,https://images.brickset.com/sets/small/853592-1.jpg?201606010942
Captain America Key Chain,None,None,https://images.brickset.com/sets/small/853593-1.jpg?201606010942
New York Minifigure Magnet,None,None,https://images.brickset.com/sets/small/853599-1.jpg?201602210912
Statue of Liberty Magnet,None,None,https://images.brickset.com/sets/small/853600-1.jpg?201602210910
New York Key Chain,None,None,https://images.brickset.com/sets/small/853601-1.jpg?201602210913
Finn Key Chain,None,None,https://images.brickset.com/sets/small/853602-1.jpg?201606010942
Rey Key Chain,None,None,https://images.brickset.com/sets/small/853603-1.jpg?201606010942
BB 8 Key Chain,None,None,https://images.brickset.com/sets/small/853604-1.jpg?201606010942
Poe Dameron Key Chain ,None,None,https://images.brickset.com/sets/small/853605-1.jpg?201606010942
Skin Pack,4,4,https://images.brickset.com/sets/small/853609-1.jpg?201608210825
Skin Pack,4,4,https://images.brickset.com/sets/small/853610-1.jpg?201608210825
Marvel Super Heroes Minifigure Display Frame,None,None,https://images.brickset.com/sets/small/853611-1.jpg?201605200849
Mini Milo,None,None,https://images.brickset.com/sets/small/2000447-1.jpg?201601070924
Max and Mia,None,None,https://images.brickset.com/sets/small/2000448-1.jpg?201608150747
The Panama Canal,1184,1,https://images.brickset.com/sets/small/2000451-1.jpg?201611160821
WeDo Replacement Pack 2,None,None,/assets/images/misc/blankbox.gif
WeDo 2.0 Replacement Pack,None,None,https://images.brickset.com/sets/small/2000715-1.jpg?201709100916
Education EV3 Design Engineering Projects,None,None,/assets/images/misc/blankbox.gif
WeDo 2.0 Curriculum Pack,None,None,https://images.brickset.com/sets/small/2045300-1.jpg?201601111242
Elephant,None,None,https://images.brickset.com/sets/small/3850007-1.jpg?201707180855
Jet,None,None,https://images.brickset.com/sets/small/3850008-1.jpg?201707180855
Aircraft,None,None,https://images.brickset.com/sets/small/3850009-1.jpg?201604050409
Butterfly,None,None,https://images.brickset.com/sets/small/3850010-1.jpg?201604050408
Statue of Liberty,None,None,https://images.brickset.com/sets/small/3850011-1.jpg?201604060838
Truck,None,None,https://images.brickset.com/sets/small/3850012-1.jpg?201607241054
Turtle,None,None,https://images.brickset.com/sets/small/3850013-1.jpg?201607241055
Snowplough?,None,None,/assets/images/misc/blankbox.gif
Penguin,None,None,https://images.brickset.com/sets/small/3850015-1.jpg?201611100858
LEGO Truck Show,8,8,https://images.brickset.com/sets/small/4000022-1.jpg?201606301156
Jiaxing Factory 2016,None,None,https://images.brickset.com/sets/small/4000023-1.jpg?201605140849
50 Years on Track,None,None,https://images.brickset.com/sets/small/4002016-1.jpg?201612150736
Silver Centurion,1,1,https://images.brickset.com/sets/small/5002946-1.jpg?201510120310
4 stud Pink Storage Brick,None,None,https://images.brickset.com/sets/small/5004277-1.jpg?201604291059
Nexo Knights Intro Pack,1,1,https://images.brickset.com/sets/small/5004388-1.jpg?201601050913
Battle Station,2,None,https://images.brickset.com/sets/small/5004389-1.jpg?201602150901
King's Guard,1,1,https://images.brickset.com/sets/small/5004390-1.jpg?201606281050
Sky Pirates Battle,1,1,https://images.brickset.com/sets/small/5004391-1.jpg?201512141117
Cole,1,1,https://images.brickset.com/sets/small/5004393-1.jpg?201611300919
Jewelry and Sticker Pack,None,None,https://images.brickset.com/sets/small/5004395-1.jpg?201512141120
Friends Playmat,None,None,https://images.brickset.com/sets/small/5004398-1.jpg?201608051029
Wildlife Puzzle,1,None,https://images.brickset.com/sets/small/5004401-1.jpg?201608210825
Playmat,None,None,https://images.brickset.com/sets/small/5004403-1.jpg?201512141121
Police Chase,3,None,https://images.brickset.com/sets/small/5004404-1.jpg?201607190200
First Order General,1,1,https://images.brickset.com/sets/small/5004406-1.jpg?201611300919
Rebel A-wing Pilot,1,1,https://images.brickset.com/sets/small/5004408-1.jpg?201606050827
Accessory pack,None,None,https://images.brickset.com/sets/small/5004409-1.jpg?201512141124
Classic Knights Minifigure,1,1,https://images.brickset.com/sets/small/5004419-1.jpg?201606281050
Toy Soldier,1,None,https://images.brickset.com/sets/small/5004420-1.jpg?201610281027
Musicians minifigure collection,4,4,https://images.brickset.com/sets/small/5004421-1.jpg?201608291115
Warriors minifigure collection,4,4,https://images.brickset.com/sets/small/5004422-1.jpg?201608290736
Iconic Easter Minifigure,1,1,https://images.brickset.com/sets/small/5004468-1.jpg?201602281011
Wonder Woman Minifigure Alarm Clock,None,None,https://images.brickset.com/sets/small/5004538-1.jpg?201603250345
Athletes minifigure collection,4,4,https://images.brickset.com/sets/small/5004423-1.jpg?201608290736
Cops and Robbers minifigure collection,4,4,https://images.brickset.com/sets/small/5004424-1.jpg?201608290735
Lucy Wyldstyle Minifigure Link Watch,None,None,https://images.brickset.com/sets/small/5004612-1.jpg?201601050913
NINJAGO Shadow of Ronin ,None,None,https://images.brickset.com/sets/small/5004720-1.jpg?201701111044
NINJAGO Shadow of Ronin,None,None,https://images.brickset.com/sets/small/5004721-1.jpg?201701111044
The Joker Key Light,None,None,https://images.brickset.com/sets/small/5004797-1.jpg?201604291059
WeDo 2.0 ReadyGo Classroom Packs,None,None,https://images.brickset.com/sets/small/5004833-1.jpg?201601111255
WeDo 2.0 YouCreate Classroom Packs,None,None,https://images.brickset.com/sets/small/5004837-1.jpg?201601111248
 WeDo 2.0 Add-On Power Pack,None,None,https://images.brickset.com/sets/small/5004838-1.jpg?201601110105
Anakin Skywalker Minifigure Watch,None,None,https://images.brickset.com/sets/small/5005011-1.jpg?201601150931
Classic Minifigure Link Watch,None,None,https://images.brickset.com/sets/small/5005015-1.jpg?201601150931
Yoda Minifigure Watch,None,None,https://images.brickset.com/sets/small/5005017-1.jpg?201601150931
Luke Skywalker Watch,None,None,https://images.brickset.com/sets/small/5005018-1.jpg?201601150931
4 stud Black Storage Brick,None,None,https://images.brickset.com/sets/small/5005020-1.jpg?201604291059
8 stud Bright Purple Storage Brick,None,None,https://images.brickset.com/sets/small/5005027-1.jpg?201604291059
8 stud Black Storage Brick,None,None,https://images.brickset.com/sets/small/5005031-1.jpg?201604291059
Darth Vader Watch,None,None,https://images.brickset.com/sets/small/5005032-1.jpg?201604291059
Superman Minifigure Link Watch,None,None,https://images.brickset.com/sets/small/5005041-1.jpg?201605201119
NINJAGO Luggage Tag,None,None,https://images.brickset.com/sets/small/5005042-1.jpg?201606181248
City Luggage Tag,None,None,https://images.brickset.com/sets/small/5005043-1.jpg?201606181248
Friends of Heartlake City Girlz 4 Life,None,None,https://images.brickset.com/sets/small/5005051-1.jpg?201608080843
Marvel Avengers XBOX 360 Video Game,None,None,https://images.brickset.com/sets/small/5005057-1.jpg?201602150901
Marvel Avengers Wii U Video Game,None,None,https://images.brickset.com/sets/small/5005058-1.jpg?201602150901
Marvel Avengers PS3 Video Game,None,None,https://images.brickset.com/sets/small/5005059-1.jpg?201602150901
Marvel Avengers Nintendo 3DS Video Game,None,None,https://images.brickset.com/sets/small/5005060-1.jpg?201602150901
Stormtrooper Kid's Watch,None,None,https://images.brickset.com/sets/small/5005098-1.jpg?201603050915
Batman Buildable Watch,None,None,https://images.brickset.com/sets/small/5005099-1.jpg?201604291059
Stephanie Watch with Mini-Doll,None,None,https://images.brickset.com/sets/small/5005100-1.jpg?201603050915
LEGO Buildable Ruler,None,None,https://images.brickset.com/sets/small/5005107-1.jpg?201606010942
LEGO Erasers (Blue Yellow),None,None,https://images.brickset.com/sets/small/5005108-1.jpg?201606181248
LEGO 3 Pack Gel Pen Set,None,None,https://images.brickset.com/sets/small/5005109-1.jpg?201606181248
LEGO Brick Pencil Case (Red),None,None,https://images.brickset.com/sets/small/5005110-1.jpg?201606181248
LEGO 9 Pack Graphite Pencils,None,None,https://images.brickset.com/sets/small/5005111-1.jpg?201606181248
LEGO Pencil Sharpeners,None,None,https://images.brickset.com/sets/small/5005112-1.jpg?201606181248
Aaron Minifigure Alarm Clock,None,None,https://images.brickset.com/sets/small/5005113-1.jpg?201606181248
Clay Minifigure Alarm Clock,None,None,https://images.brickset.com/sets/small/5005115-1.jpg?201606281050
Jay Minifigure Alarm Clock,None,None,https://images.brickset.com/sets/small/5005117-1.jpg?201606181248
Lloyd Minifigure Alarm Clock,None,None,https://images.brickset.com/sets/small/5005118-1.jpg?201606181248
Kai Minifigure Alarm Clock,None,None,https://images.brickset.com/sets/small/5005121-1.jpg?201606281050
The Force Awakens PS 4 Video Game – Deluxe Edition,None,None,https://images.brickset.com/sets/small/5005136-1.jpg?201609201033
The Force Awakens Xbox 360 Video Game,None,None,https://images.brickset.com/sets/small/5005137-1.jpg?201608080843
The Force Awakens Xbox One Video Game – Deluxe Edition,None,None,https://images.brickset.com/sets/small/5005138-1.jpg?201609201033
The Force Awakens PS 4 Video Game,None,None,https://images.brickset.com/sets/small/5005139-1.jpg?201608080843
The Force Awakens Xbox One Video Game,None,None,https://images.brickset.com/sets/small/5005140-1.jpg?201608080843
The Force Awakens Wii U Video Game,None,None,https://images.brickset.com/sets/small/5005141-1.jpg?201608080843
Journal with White Band,None,None,https://images.brickset.com/sets/small/5005144-1.jpg?201606181248
Stationery Organizer,None,None,https://images.brickset.com/sets/small/5005145-1.jpg?201606181248
9 Pack Gel Pen Set,None,None,https://images.brickset.com/sets/small/5005146-1.jpg?201606181248
9 Pack Marker Set,None,None,https://images.brickset.com/sets/small/5005147-1.jpg?201606181248
9 Pack Colored Pencil with Toppers Pack,None,None,https://images.brickset.com/sets/small/5005148-1.jpg?201606181248
Gingerbread Man,1,1,https://images.brickset.com/sets/small/5005156-1.jpg?201612121059
Stationery Kit,None,None,/assets/images/misc/blankbox.gif
Nexo Knights Season 1 DVD,None,None,https://images.brickset.com/sets/small/5005182-1.jpg?201703240318
LEGO Mixels - Series 7 - Display Box,None,None,https://images.brickset.com/sets/small/6139025-1.jpg?201604021108
LEGO Mixels - Series 8 - Display Box,None,None,https://images.brickset.com/sets/small/MIXELBOX-8.jpg?201605120223
Escape the Space Slug,None,None,https://images.brickset.com/sets/small/MAYFOURTH-1.jpg?201605010201
LEGO Star Wars: Droid Tales,None,None,https://images.brickset.com/sets/small/B0189OU0JY-1.jpg?201512070113
Scorpion,None,None,https://images.brickset.com/sets/small/BIO601601-1.jpg?201606181234
Ekimu Falcon,None,None,https://images.brickset.com/sets/small/BIO601602-1.jpg?201610090227
Bordeaux, France, Exclusive Minifigure Pack,None,None,https://images.brickset.com/sets/small/BORDEAUX-1.jpg?201606060948
Justice League: Cosmic Clash DVD/Blu-Ray,None,None,https://images.brickset.com/sets/small/DCSHDVD3-1.jpg?201603090651
Justice League: Gotham City Breakout DVD/Blu-ray,None,None,https://images.brickset.com/sets/small/DCSHDVD4-1.jpg?201603230738
Miku The Dragon,None,None,https://images.brickset.com/sets/small/EL241601-1.jpg?201603270341
Jynx the Witch's Cat,None,None,https://images.brickset.com/sets/small/EL241602-1.jpg?201611131020
Pony Grooming Kit,None,None,https://images.brickset.com/sets/small/FR471602-1.jpg?201607241051
Parrot and Nest,None,None,https://images.brickset.com/sets/small/FR561601-1.jpg?201604130450
Valentine's Post Box,None,None,https://images.brickset.com/sets/small/FR561602-1.jpg?201602210212
Dog on stage,None,None,https://images.brickset.com/sets/small/FR561603-1.jpg?201603030817
Chocolate Kitchen,None,None,https://images.brickset.com/sets/small/FR561604-1.jpg?201604230814
Ice Cream Cart,None,None,https://images.brickset.com/sets/small/FR561605-1.jpg?201607180757
Rabbit and hutch,None,None,https://images.brickset.com/sets/small/FR561606-1.jpg?201606060405
Happy Beach,None,None,https://images.brickset.com/sets/small/FR561607-1.jpg?201607180756
Cake stall,None,None,https://images.brickset.com/sets/small/FR561608-1.jpg?201610190850
Olivia's Laboratory ,None,None,https://images.brickset.com/sets/small/FR561609-1.jpg?201609280910
Halloween Shop,None,None,https://images.brickset.com/sets/small/FR561610-1.jpg?201610230907
Gift wrapping table,None,None,https://images.brickset.com/sets/small/FR561611-1.jpg?201612010738
Christmas Fireplace,None,None,https://images.brickset.com/sets/small/FR561612-1.jpg?201612140626
Lou Seal Buildable Figure,None,None,https://images.brickset.com/sets/small/GIANTS2016-1.jpg?201606180838
LEGO DC Super Heroes: Character Encyclopedia ,1,1,https://images.brickset.com/sets/small/ISBN024119931X-1.jpg?201603030816
LEGO Nexo Knights: The Book of Knights,None,None,https://images.brickset.com/sets/small/ISBN1465454004-1.jpg?201605250849
LEGO Ninjago Character Encyclopedia: Updated and Expanded,1,1,https://images.brickset.com/sets/small/ISBN0241232481-1.jpg?201603291018
LEGO Star Wars: Build Your Own Adventure,None,None,https://images.brickset.com/sets/small/ISBN1465450459-1.jpg?201603090933
LEGO City: Build Your Own Adventure,None,None,https://images.brickset.com/sets/small/ISBN1465450467-1.jpg?201603090934
The Complete LEGO Minifigure Catalogue,None,None,https://images.brickset.com/sets/small/ISBN0473372967-1.jpg?201611261112
Brick History: Amazing Historical Scenes to Build from LEGO,None,None,https://images.brickset.com/sets/small/ISBN0750967579-1.jpg?201601221124
Building with Virtual LEGO: Getting Started with LEGO Digital Designer, LDraw, and Mecabricks,None,None,https://images.brickset.com/sets/small/ISBN125986183X-1.jpg?201611261058
Brick History: A Brick History of the World in LEGO (US Edition),None,None,https://images.brickset.com/sets/small/ISBN143800754X-1.jpg?201601221125
Brick Animals: 40 Clever & Creative Ideas to Make from LEGO (US Edition),None,None,https://images.brickset.com/sets/small/ISBN1438008805-1.jpg?201604130448
Brick Cars: 40 Clever & Creative Ideas to Make from LEGO (US Edition),None,None,https://images.brickset.com/sets/small/ISBN1438008813-1.jpg?201604130448
The Ultimate Guide to Collectible Minifigures,None,None,https://images.brickset.com/sets/small/ISBN1440246998-1.jpg?201604130448
LEGO Star Wars: Chronicles of the Force,1,1,https://images.brickset.com/sets/small/ISBN1465449671-1.jpg?201605010840
365 Things to Do with LEGO Bricks,None,None,https://images.brickset.com/sets/small/ISBN1465453024-1.jpg?201607251023
The 2015 LEGO Minifigure Catalog: 1st Edition,None,None,https://images.brickset.com/sets/small/ISBN1530840082-1.jpg?201604251103
The Star Wars LEGO Minifigure Catalog: 5th Edition,None,None,https://images.brickset.com/sets/small/ISBN1530886848-1.jpg?201604251103
The 2014 LEGO Minifigure Catalog: 2nd Edition,None,None,https://images.brickset.com/sets/small/ISBN1530919223-1.jpg?201604251105
The Middle Earth LEGO Minifigure Catalog,None,None,https://images.brickset.com/sets/small/ISBN1535193425-1.jpg?201608210854
Tiny LEGO Wonders: Build 42 Impressive Miniscale Models,None,None,https://images.brickset.com/sets/small/ISBN1593277350-1.jpg?201604260902
The LEGO Animation Book: Make Your Own LEGO Movies!,None,None,https://images.brickset.com/sets/small/ISBN1593277415-1.jpg?201611261032
The Unofficial LEGO Technic Builder's Guide: 2nd Edition,None,None,https://images.brickset.com/sets/small/ISBN1593277601-1.jpg?201604221124
The LEGO Christmas Ornaments Book: 15 Designs to Spread Holiday Cheer,None,None,https://images.brickset.com/sets/small/ISBN1593277660-1.jpg?201607251043
Geeky LEGO Crafts: 21 Fun and Quirky Projects,None,None,https://images.brickset.com/sets/small/ISBN1593277679-1.jpg?201603270332
Awesome LEGO Creations with Bricks You Already Have,None,None,https://images.brickset.com/sets/small/ISBN1624142818-1.jpg?201603270335
Birds from Bricks: Designs That Make LEGO Take Flight,None,None,https://images.brickset.com/sets/small/ISBN1631590790-1.jpg?201511161223
Brick by Brick: Space,None,None,https://images.brickset.com/sets/small/ISBN1783422815-1.jpg?201607250311
The Greatest LEGO Builds of All Time,None,None,https://images.brickset.com/sets/small/ISBN1626867968-1.jpg?201603270332
Build It! Volume 1,None,None,https://images.brickset.com/sets/small/ISBN1943328803-1.jpg?201607250311
Build It! Volume 2,None,None,https://images.brickset.com/sets/small/ISBN1943328811-1.jpg?201607250311
Build It! Volume 3,None,None,https://images.brickset.com/sets/small/ISBN194332882X-1.jpg?201607250312
Build It! World Landmarks,None,None,https://images.brickset.com/sets/small/ISBN1943328838-1.jpg?201607250312
LEGO Trains - concepts and techniques for realistic models,None,None,https://images.brickset.com/sets/small/ISBN3864903556-1.jpg?201606160838
LEGO Tips for Kids: LEGO Space,None,None,https://images.brickset.com/sets/small/ISBN3958433901-1.jpg?201607250317
Lester,1,1,https://images.brickset.com/sets/small/LESTER-1.jpg?201611171134
LEGO Mixels - Series 9 - Display Box,None,None,https://images.brickset.com/sets/small/MIXELBOX-9.jpg?201610111238
Lance,None,None,https://images.brickset.com/sets/small/NEX271601-1.jpg?201602210930
Jet Horse,None,None,https://images.brickset.com/sets/small/NEX271602-1.jpg?201603300814
Robin,None,None,https://images.brickset.com/sets/small/NEX271603-1.jpg?201604230811
Two Globlin Spiders,None,None,https://images.brickset.com/sets/small/NEX271604-1.jpg?201606060400
Lava Warrior,None,None,https://images.brickset.com/sets/small/NEX271605-1.jpg?201606241039
Knight Racer,None,None,https://images.brickset.com/sets/small/NIN271606-1.jpg?201607241046
Firecracker Catapult,None,None,https://images.brickset.com/sets/small/NEX271607-1.jpg?201608250953
Kid Clay,None,None,https://images.brickset.com/sets/small/NEX271608-1.jpg?201610030817
Bat-Gun,None,None,https://images.brickset.com/sets/small/NEX271609-1.jpg?201610230906
Mighty Mech Bot,None,None,https://images.brickset.com/sets/small/NEX271610-1.jpg?201612030914
Pilot Bot,None,None,https://images.brickset.com/sets/small/NEX271611-1.jpg?201701041052
Kai,None,None,https://images.brickset.com/sets/small/NIN891609-1.jpg?201711041106
Clouse,None,None,https://images.brickset.com/sets/small/NIN891610-1.jpg?201603050855
Cole,None,None,https://images.brickset.com/sets/small/NIN891611-1.jpg?201604040848
Sqiffy,None,None,https://images.brickset.com/sets/small/NIN891602-1.jpg?201604230813
Kai's Dragon,None,None,https://images.brickset.com/sets/small/NIN891613-1.jpg?201605051051
Cyren,None,None,https://images.brickset.com/sets/small/NIN891614-1.jpg?201606060358
Jay,None,None,https://images.brickset.com/sets/small/NIN891615-1.jpg?201607241045
Bucko ,None,None,https://images.brickset.com/sets/small/NIN891616-1.jpg?201608250707
Titanium Zane,None,None,https://images.brickset.com/sets/small/NIN891617-1.jpg?201709260956
Ronin,None,None,https://images.brickset.com/sets/small/NIN891618-1.jpg?201610260654
Pirate's Fighter,None,None,https://images.brickset.com/sets/small/NIN891619-1.jpg?201611260101
Nya,None,None,https://images.brickset.com/sets/small/NIN891620-1.jpg?201701041052
Batgirl,None,None,https://images.brickset.com/sets/small/NYCC2016-1.jpg?201610070835
Paris Forum Des Halles Exclusive Minifigure Pack,None,None,https://images.brickset.com/sets/small/PARIS-1.jpg?201609201050
Boston Red Sox baseball player ,None,None,https://images.brickset.com/sets/small/REDSOX-1.jpg?201609200319
San Francisco Exclusive Minifigure Pack,None,None,/assets/images/misc/blankbox.gif
Atom,None,None,https://images.brickset.com/sets/small/SDCC2016-6.jpg?201607210805
Steve Rogers Captain America,1,1,https://images.brickset.com/sets/small/SDCC2016-5.jpg?201607210806
Stockholm minifigure collection,None,None,https://images.brickset.com/sets/small/STOCKHOLM-1.jpg?201605300921
Millennium Falcon,None,None,https://images.brickset.com/sets/small/SW911607-1.jpg?201601051048
Landspeeder,None,None,https://images.brickset.com/sets/small/SW911608-1.jpg?201706070736
Naboo Starfighter,None,None,https://images.brickset.com/sets/small/SW911609-1.jpg?201703240328
Probe Droid,None,None,https://images.brickset.com/sets/small/SW911610-1.jpg?201604090913
AAT,None,None,https://images.brickset.com/sets/small/SW911611-1.jpg?201604230812
Acklay,None,None,https://images.brickset.com/sets/small/SW911612-1.jpg?201606060359
TIE Bomber,None,None,https://images.brickset.com/sets/small/SW911613-1.jpg?201607180758
Yoda's Hut,None,None,https://images.brickset.com/sets/small/SW911614-1.jpg?201608180749
AT-AT,None,None,https://images.brickset.com/sets/small/SW911615-1.jpg?201609121144
MTT,None,None,https://images.brickset.com/sets/small/SW911616-1.jpg?201610090228
Palpatine's Shuttle,None,None,https://images.brickset.com/sets/small/SW911617-1.jpg?201611180944
LEGO Star Wars: The Freemaker Adventures - Complete Season One (DVD/Blu-ray),None,None,https://images.brickset.com/sets/small/SWDVD-1.jpg?201609100910
Captain America Mosaic,None,None,https://images.brickset.com/sets/small/TRUCAPAM-1.jpg?201608280908
Cogsworth,None,None,https://images.brickset.com/sets/small/TRUCOGSWORTH-1.jpg?201609280917
Millennium Falcon,None,None,https://images.brickset.com/sets/small/TRUFALCON-1.jpg?201605090654
Frankenstein's Monster,None,None,https://images.brickset.com/sets/small/TRUFRANK-1.jpg?201710290835
Lumiere,None,None,https://images.brickset.com/sets/small/TRULUMIERE-1.jpg?201609280918
Nexo Knights Shield Dock ,None,None,https://images.brickset.com/sets/small/TRUNEXO-1.jpg?201605090646
Winner's Podium,None,None,https://images.brickset.com/sets/small/TRUPODIUM-1.jpg?201606211047
